subgroup,rows,treated_count,control_count,effect,ci_low,ci_high
female,762,220,542,3.4047565426515463,2.293513450866888,4.753566532141058
male,804,183,621,3.113825199957976,1.7435839947337153,5.034339561656831
