bias,adjusted_effect,adjusted_ci_low,adjusted_ci_high
0.0,3.293647427944588,2.1395753349188826,4.040344599824692
0.823411856986147,2.470235570958441,1.3161634779327356,3.2169327428385452
1.646823713972294,1.646823713972294,0.49275162094658853,2.393520885852398
2.470235570958441,0.823411856986147,-0.3306602360395585,1.5701090288662511
3.293647427944588,0.0,-1.1540720930257056,0.7466971718801041
4.117059284930735,-0.823411856986147,-1.9774839500118526,-0.07671468510604296
