bias,adjusted_effect,adjusted_ci_low,adjusted_ci_high
0.0,-0.04444583349959205,-0.04768995046849565,-0.041041628566135156
0.011111458374898013,-0.03333437512469404,-0.036578492093597634,-0.029930170191237143
0.022222916749796026,-0.022222916749796026,-0.02546703371869962,-0.01881871181633913
0.03333437512469404,-0.011111458374898013,-0.014355575343801608,-0.007707253441441117
0.04444583349959205,0.0,-0.0032441169689035945,0.003404204933456896
0.055557291874490065,0.011111458374898013,0.007867341405994419,0.01451566330835491
