subgroup,rows,treated_count,control_count,effect,ci_low,ci_high
Midwest,12,6,6,-0.043333333333333356,-0.05125318340204833,-0.03273025593862544
Northeast,12,6,6,-0.044999999999999964,-0.06865877968046066,-0.03387932175907667
South,12,6,6,-0.044999999999999964,-0.07534306266481128,-0.03364748995298775
West,12,6,6,-0.043333333333333106,-0.10522817486630175,-0.018995329980711195
