subgroup,rows,treated_count,control_count,effect,ci_low,ci_high
low,200,94,106,1.991194736592792,1.616234732957918,2.2673179337887115
mid,200,146,54,2.090443851316616,1.8338515921852696,2.2948732827828984
high,200,163,37,1.7212112199936147,1.4162808559835767,2.0126117950140823
