bias,adjusted_effect,adjusted_ci_low,adjusted_ci_high
0.0,1.9354540855590772,1.7356625729311412,2.1552237917257053
0.48386352138976924,1.4515905641693079,1.251799051541372,1.671360270335936
0.9677270427795385,0.9677270427795387,0.7679355301516028,1.1874967489461667
1.4515905641693077,0.4838635213897695,0.2840720087618336,0.7036332275563977
1.935454085559077,2.220446049250313e-16,-0.1997915126279357,0.2197697061666284
2.4193176069488462,-0.48386352138976907,-0.683655034017705,-0.2640938152231409
